Name,Label,Units,Description,Module
``e_rho``,:math:`\mathbf{e}_{\rho}`,meters,Covariant radial basis vector,``desc.compute._basis_vectors``
``e_theta``,:math:`\mathbf{e}_{\theta}`,meters,Covariant poloidal basis vector,``desc.compute._basis_vectors``
``e_zeta``,:math:`\mathbf{e}_{\zeta}`,meters,Covariant toroidal basis vector,``desc.compute._basis_vectors``
``e_rho_r``,:math:`\partial_{\rho} \mathbf{e}_{\rho}`,meters,"Covariant radial basis vector, derivative wrt radial coordinate",``desc.compute._basis_vectors``
``e_rho_t``,:math:`\partial_{\theta} \mathbf{e}_{\rho}`,meters,"Covariant radial basis vector, derivative wrt poloidal angle",``desc.compute._basis_vectors``
``e_rho_z``,:math:`\partial_{\zeta} \mathbf{e}_{\rho}`,meters,"Covariant radial basis vector, derivative wrt toroidal angle",``desc.compute._basis_vectors``
``e_theta_r``,:math:`\partial_{\rho} \mathbf{e}_{\theta}`,meters,"Covariant poloidal basis vector, derivative wrt radial coordinate",``desc.compute._basis_vectors``
``e_theta_t``,:math:`\partial_{\theta} \mathbf{e}_{\theta}`,meters,"Covariant poloidal basis vector, derivative wrt poloidal angle",``desc.compute._basis_vectors``
``e_theta_z``,:math:`\partial_{\zeta} \mathbf{e}_{\theta}`,meters,"Covariant poloidal basis vector, derivative wrt toroidal angle",``desc.compute._basis_vectors``
``e_zeta_r``,:math:`\partial_{\rho} \mathbf{e}_{\zeta}`,meters,"Covariant toroidal basis vector, derivative wrt radial coordinate",``desc.compute._basis_vectors``
``e_zeta_t``,:math:`\partial_{\theta} \mathbf{e}_{\zeta}`,meters,"Covariant toroidal basis vector, derivative wrt poloidal angle",``desc.compute._basis_vectors``
``e_zeta_z``,:math:`\partial_{\zeta} \mathbf{e}_{\zeta}`,meters,"Covariant toroidal basis vector, derivative wrt toroidal angle",``desc.compute._basis_vectors``
``e_rho_rr``,:math:`\partial_{\rho \rho} \mathbf{e}_{\rho}`,meters,"Covariant radial basis vector, second derivative wrt radial coordinate",``desc.compute._basis_vectors``
``e_rho_tt``,:math:`\partial_{\theta \theta} \mathbf{e}_{\rho}`,meters,"Covariant radial basis vector, second derivative wrt poloidal angle",``desc.compute._basis_vectors``
``e_rho_zz``,:math:`\partial_{\zeta \zeta} \mathbf{e}_{\rho}`,meters,"Covariant radial basis vector, second derivative wrt toroidal angle",``desc.compute._basis_vectors``
``e_rho_rt``,:math:`\partial_{\rho \theta} \mathbf{e}_{\rho}`,meters,"Covariant radial basis vector, second derivative wrt radial coordinate and poloidal angle",``desc.compute._basis_vectors``
``e_rho_rz``,:math:`\partial_{\rho \zeta} \mathbf{e}_{\rho}`,meters,"Covariant radial basis vector, second derivative wrt radial coordinate and toroidal angle",``desc.compute._basis_vectors``
``e_rho_tz``,:math:`\partial_{\theta \zeta} \mathbf{e}_{\rho}`,meters,"Covariant radial basis vector, second derivative wrt poloidal and toroidal angles",``desc.compute._basis_vectors``
``e_theta_rr``,:math:`\partial_{\rho \rho} \mathbf{e}_{\theta}`,meters,"Covariant poloidal basis vector, second derivative wrt radial coordinate",``desc.compute._basis_vectors``
``e_theta_tt``,:math:`\partial_{\theta \theta} \mathbf{e}_{\theta}`,meters,"Covariant poloidal basis vector, second derivative wrt poloidal angle",``desc.compute._basis_vectors``
``e_theta_zz``,:math:`\partial_{\zeta \zeta} \mathbf{e}_{\theta}`,meters,"Covariant poloidal basis vector, second derivative wrt toroidal angle",``desc.compute._basis_vectors``
``e_theta_rt``,:math:`\partial_{\rho \theta} \mathbf{e}_{\theta}`,meters,"Covariant poloidal basis vector, second derivative wrt radial coordinate and poloidal angle",``desc.compute._basis_vectors``
``e_theta_rz``,:math:`\partial_{\rho \zeta} \mathbf{e}_{\theta}`,meters,"Covariant poloidal basis vector, second derivative wrt radial coordinate and toroidal angle",``desc.compute._basis_vectors``
``e_theta_tz``,:math:`\partial_{\theta \zeta} \mathbf{e}_{\theta}`,meters,"Covariant poloidal basis vector, second derivative wrt poloidal and toroidal angles",``desc.compute._basis_vectors``
``e_zeta_rr``,:math:`\partial_{\rho \rho} \mathbf{e}_{\zeta}`,meters,"Covariant toroidal basis vector, second derivative wrt radial coordinate",``desc.compute._basis_vectors``
``e_zeta_tt``,:math:`\partial_{\theta \theta} \mathbf{e}_{\zeta}`,meters,"Covariant toroidal basis vector, second derivative wrt poloidal angle",``desc.compute._basis_vectors``
``e_zeta_zz``,:math:`\partial_{\zeta \zeta} \mathbf{e}_{\zeta}`,meters,"Covariant toroidal basis vector, second derivative wrt toroidal angle",``desc.compute._basis_vectors``
``e_zeta_rt``,:math:`\partial_{\rho \theta} \mathbf{e}_{\zeta}`,meters,"Covariant toroidal basis vector, second derivative wrt radial coordinate and poloidal angle",``desc.compute._basis_vectors``
``e_zeta_rz``,:math:`\partial_{\rho \zeta} \mathbf{e}_{\zeta}`,meters,"Covariant toroidal basis vector, second derivative wrt radial coordinate and toroidal angle",``desc.compute._basis_vectors``
``e_zeta_tz``,:math:`\partial_{\theta \zeta} \mathbf{e}_{\zeta}`,meters,"Covariant toroidal basis vector, second derivative wrt poloidal and toroidal angles",``desc.compute._basis_vectors``
``e_theta_PEST``,:math:`\mathbf{e}_{\theta_{PEST}}`,meters,Covariant straight field line poloidal basis vector,``desc.compute._basis_vectors``
``e^rho``,:math:`\mathbf{e}^{\rho}`,inverse meters,Contravariant radial basis vector,``desc.compute._basis_vectors``
``e^theta``,:math:`\mathbf{e}^{\theta}`,inverse meters,Contravariant poloidal basis vector,``desc.compute._basis_vectors``
``e^zeta``,:math:`\mathbf{e}^{\zeta}`,inverse meters,Contravariant toroidal basis vector,``desc.compute._basis_vectors``
``b``,:math:`\hat{b}`,None,Unit vector along magnetic field,``desc.compute._basis_vectors``
``n``,:math:`\hat{\mathbf{n}}`,None,Unit normal vector to constant rho surface,``desc.compute._basis_vectors``
``grad(alpha)``,:math:`\nabla \alpha`,Inverse meters,Unit vector normal to flux surface,``desc.compute._basis_vectors``
``trapped fraction``,:math:`1 - \frac{3}{4} \langle B^2 \rangle \int_0^{1/Bmax} \frac{\lambda\; d\lambda}{\langle \sqrt{1 - \lambda B} \rangle}`,None,Neoclassical effective trapped particle fraction,``desc.compute._bootstrap``
``<J*B> Redl``,:math:`\langle\mathbf{J}\cdot\mathbf{B}\rangle_{Redl}`,Tesla Ampere / meter^2,"Bootstrap current profile, Redl model for quasisymmetry",``desc.compute._bootstrap``
``0``,:math:`0`,None,Zeros,``desc.compute._core``
``rho``,:math:`\rho`,None,"Radial coordinate, proportional to the square root of the toroidal flux",``desc.compute._core``
``rho_r``,:math:`\partial_{\rho} \rho`,None,"Radial coordinate, proportional to the square root of the toroidal flux, derivative wrt radial coordinate",``desc.compute._core``
``rho_t``,:math:`\partial_{\theta} \rho`,None,"Radial coordinate, proportional to the square root of the toroidal flux, derivative wrt poloidal coordinate",``desc.compute._core``
``rho_z``,:math:`\partial_{\zeta} \rho`,None,"Radial coordinate, proportional to the square root of the toroidal flux, derivative wrt toroidal coordinate",``desc.compute._core``
``theta``,:math:`\theta`,radians,"Poloidal angular coordinate (geometric, not magnetic)",``desc.compute._core``
``theta_r``,:math:`\partial_{\rho} \theta`,radians,"Poloidal angular coordinate (geometric, not magnetic), derivative wrt radial coordinate",``desc.compute._core``
``theta_t``,:math:`\partial_{\theta} \theta`,radians,"Poloidal angular coordinate (geometric, not magnetic), derivative wrt poloidal coordinate",``desc.compute._core``
``theta_z``,:math:`\partial_{\zeta} \theta`,radians,"Poloidal angular coordinate (geometric, not magnetic), derivative wrt toroidal coordinate",``desc.compute._core``
``zeta``,:math:`\zeta`,radians,Toroidal angular coordinate,``desc.compute._core``
``zeta_r``,:math:`\partial_{\rho} \zeta`,radians,"Toroidal angular coordinate derivative, wrt radial coordinate",``desc.compute._core``
``zeta_t``,:math:`\partial_{\theta} \zeta`,radians,"Toroidal angular coordinate, derivative wrt poloidal coordinate",``desc.compute._core``
``zeta_z``,:math:`\partial_{\zeta} \zeta`,radians,"Toroidal angular coordinate, derivative wrt toroidal coordinate",``desc.compute._core``
``theta_sfl``,:math:`\vartheta`,radians,PEST straight field line poloidal angular coordinate,``desc.compute._core``
``theta_sfl_r``,:math:`\partial_{\rho} \vartheta`,radians,"PEST straight field line poloidal angular coordinate, derivative wrt radial coordinate",``desc.compute._core``
``theta_sfl_t``,:math:`\partial_{\theta} \vartheta`,radians,"PEST straight field line poloidal angular coordinate, derivative wrt poloidal coordinate",``desc.compute._core``
``theta_sfl_z``,:math:`\partial_{\zeta} \vartheta`,radians,"PEST straight field line poloidal angular coordinate, derivative wrt toroidal coordinate",``desc.compute._core``
``alpha``,:math:`\alpha`,None,"Field line label, defined on [0, 2pi)",``desc.compute._core``
``alpha_r``,:math:`\partial_\rho \alpha`,None,"Field line label, derivative wrt radial coordinate",``desc.compute._core``
``alpha_t``,:math:`\partial_\theta \alpha`,None,"Field line label, derivative wrt poloidal coordinate",``desc.compute._core``
``alpha_z``,:math:`\partial_\zeta \alpha`,None,"Field line label, derivative wrt toroidal coordinate",``desc.compute._core``
``R``,:math:`R`,meters,Major radius in lab frame,``desc.compute._core``
``R_r``,:math:`\partial_{\rho} R`,meters,"Major radius in lab frame, first radial derivative",``desc.compute._core``
``R_t``,:math:`\partial_{\theta} R`,meters,"Major radius in lab frame, first poloidal derivative",``desc.compute._core``
``R_z``,:math:`\partial_{\zeta} R`,meters,"Major radius in lab frame, first toroidal derivative",``desc.compute._core``
``R_rr``,:math:`\partial_{\rho \rho} R`,meters,"Major radius in lab frame, second radial derivative",``desc.compute._core``
``R_tt``,:math:`\partial_{\theta \theta} R`,meters,"Major radius in lab frame, second poloidal derivative",``desc.compute._core``
``R_zz``,:math:`\partial_{\zeta \zeta} R`,meters,"Major radius in lab frame, second toroidal derivative",``desc.compute._core``
``R_rt``,:math:`\partial_{\rho \theta} R`,meters,"Major radius in lab frame, second derivative wrt radius and poloidal angle",``desc.compute._core``
``R_rz``,:math:`\partial_{\rho \zeta} R`,meters,"Major radius in lab frame, second derivative wrt radius and toroidal angle",``desc.compute._core``
``R_tz``,:math:`\partial_{\theta \zeta} R`,meters,"Major radius in lab frame, second derivative wrt poloidal and toroidal angles",``desc.compute._core``
``R_rrr``,":math:`\partial_{ho \rho \rho} R`",meters,"Major radius in lab frame, third radial derivative",``desc.compute._core``
``R_ttt``,:math:`\partial_{\theta \theta \theta} R`,meters,"Major radius in lab frame, third poloidal derivative",``desc.compute._core``
``R_zzz``,:math:`\partial_{\zeta \zeta \zeta} R`,meters,"Major radius in lab frame, third toroidal derivative",``desc.compute._core``
``R_rrt``,:math:`\partial_{\rho \rho \theta} R`,meters,"Major radius in lab frame, third derivative, wrt radius twice and poloidal angle",``desc.compute._core``
``R_rtt``,:math:`\partial_{\rho \theta \theta} R`,meters,"Major radius in lab frame, third derivative wrt radius and poloidal angle twice",``desc.compute._core``
``R_rrz``,:math:`\partial_{\rho \rho \zeta} R`,meters,"Major radius in lab frame, third derivative, wrt radius twice and toroidal angle",``desc.compute._core``
``R_rzz``,:math:`\partial_{\rho \zeta \zeta} R`,meters,"Major radius in lab frame, third derivative wrt radius and toroidal angle twice",``desc.compute._core``
``R_ttz``,:math:`\partial_{\theta \theta \zeta} R`,meters,"Major radius in lab frame, third derivative wrt poloidal angle twice and toroidal angle",``desc.compute._core``
``R_tzz``,:math:`\partial_{\theta \zeta \zeta} R`,meters,"Major radius in lab frame, third derivative wrt poloidal angle and toroidal angle twice",``desc.compute._core``
``R_rtz``,:math:`\partial_{\rho \theta \zeta} R`,meters,"Major radius in lab frame, third derivative wrt radius, poloidal angle, and toroidal angle",``desc.compute._core``
``Z``,:math:`Z`,meters,Vertical coordinate in lab frame,``desc.compute._core``
``Z_r``,:math:`\partial_{\rho} Z`,meters,"Vertical coordinate in lab frame, first radial derivative",``desc.compute._core``
``Z_t``,:math:`\partial_{\theta} Z`,meters,"Vertical coordinate in lab frame, first poloidal derivative",``desc.compute._core``
``Z_z``,:math:`\partial_{\zeta} Z`,meters,"Vertical coordinate in lab frame, first toroidal derivative",``desc.compute._core``
``Z_rr``,:math:`\partial_{\rho \rho} Z`,meters,"Vertical coordinate in lab frame, second radial derivative",``desc.compute._core``
``Z_tt``,:math:`\partial_{\theta \theta} Z`,meters,"Vertical coordinate in lab frame, second poloidal derivative",``desc.compute._core``
``Z_zz``,:math:`\partial_{\zeta \zeta} Z`,meters,"Vertical coordinate in lab frame, second toroidal derivative",``desc.compute._core``
``Z_rt``,:math:`\partial_{\rho \theta} Z`,meters,"Vertical coordinate in lab frame, second derivative wrt radius and poloidal angle",``desc.compute._core``
``Z_rz``,:math:`\partial_{\rho \zeta} Z`,meters,"Vertical coordinate in lab frame, second derivative wrt radius and toroidal angle",``desc.compute._core``
``Z_tz``,:math:`\partial_{\theta \zeta} Z`,meters,"Vertical coordinate in lab frame, second derivative wrt poloidal and toroidal angles",``desc.compute._core``
``Z_rrr``,":math:`\partial_{ho \rho \rho} Z`",meters,"Vertical coordinate in lab frame, third radial derivative",``desc.compute._core``
``Z_ttt``,:math:`\partial_{\theta \theta \theta} Z`,meters,"Vertical coordinate in lab frame, third poloidal derivative",``desc.compute._core``
``Z_zzz``,:math:`\partial_{\zeta \zeta \zeta} Z`,meters,"Vertical coordinate in lab frame, third toroidal derivative",``desc.compute._core``
``Z_rrt``,:math:`\partial_{\rho \rho \theta} Z`,meters,"Vertical coordinate in lab frame, third derivative, wrt radius twice and poloidal angle",``desc.compute._core``
``Z_rtt``,:math:`\partial_{\rho \theta \theta} Z`,meters,"Vertical coordinate in lab frame, third derivative wrt radius and poloidal angle twice",``desc.compute._core``
``Z_rrz``,:math:`\partial_{\rho \rho \zeta} Z`,meters,"Vertical coordinate in lab frame, third derivative, wrt radius twice and toroidal angle",``desc.compute._core``
``Z_rzz``,:math:`\partial_{\rho \zeta \zeta} Z`,meters,"Vertical coordinate in lab frame, third derivative wrt radius and toroidal angle twice",``desc.compute._core``
``Z_ttz``,:math:`\partial_{\theta \theta \zeta} Z`,meters,"Vertical coordinate in lab frame, third derivative wrt poloidal angle twice and toroidal angle",``desc.compute._core``
``Z_tzz``,:math:`\partial_{\theta \zeta \zeta} Z`,meters,"Vertical coordinate in lab frame, third derivative wrt poloidal angle and toroidal angle twice",``desc.compute._core``
``Z_rtz``,:math:`\partial_{\rho \theta \zeta} Z`,meters,"Vertical coordinate in lab frame, third derivative wrt radius, poloidal angle, and toroidal angle",``desc.compute._core``
``phi``,:math:`\phi`,radians,Toroidal angle in lab frame,``desc.compute._core``
``phi_r``,:math:`\partial_{\rho} \phi`,radians,"Toroidal angle in lab frame, derivative wrt radial coordinate",``desc.compute._core``
``phi_t``,:math:`\partial_{\theta} \phi`,radians,"Toroidal angle in lab frame, derivative wrt poloidal coordinate",``desc.compute._core``
``phi_z``,:math:`\partial_{\zeta} \phi`,radians,"Toroidal angle in lab frame, derivative wrt toroidal coordinate",``desc.compute._core``
``phi_rr``,:math:`\partial_{\rho \rho} \phi`,radians,"Toroidal angle in lab frame, second derivative wrt radial coordinate",``desc.compute._core``
``phi_rt``,:math:`\partial_{\rho \theta} \phi`,radians,"Toroidal angle in lab frame, second derivative wrt radial and poloidal coordinate",``desc.compute._core``
``phi_rz``,:math:`\partial_{\rho \zeta} \phi`,radians,"Toroidal angle in lab frame, second derivative wrt radial and toroidal coordinate",``desc.compute._core``
``phi_tt``,:math:`\partial_{\theta \theta} \phi`,radians,"Toroidal angle in lab frame, second derivative wrt poloidal coordinate",``desc.compute._core``
``phi_tz``,:math:`\partial_{\theta \zeta} \phi`,radians,"Toroidal angle in lab frame, second derivative wrt poloidal and toroidal coordinate",``desc.compute._core``
``phi_zz``,:math:`\partial_{\zeta \zeta} \phi`,radians,"Toroidal angle in lab frame, second derivative wrt toroidal coordinate",``desc.compute._core``
``X``,:math:`X = R \cos{\phi}`,meters,Cartesian X coordinate,``desc.compute._core``
``X_r``,:math:`\partial_{\rho} X`,meters,"Cartesian X coordinate, derivative wrt radial coordinate",``desc.compute._core``
``X_t``,:math:`\partial_{\theta} X`,meters,"Cartesian X coordinate, derivative wrt poloidal coordinate",``desc.compute._core``
``X_z``,:math:`\partial_{\zeta} X`,meters,"Cartesian X coordinate, derivative wrt toroidal coordinate",``desc.compute._core``
``Y``,:math:`Y = R \sin{\phi}`,meters,Cartesian Y coordinate,``desc.compute._core``
``Y_r``,:math:`\partial_{\rho} Y`,meters,"Cartesian Y coordinate, derivative wrt radial coordinate",``desc.compute._core``
``Y_t``,:math:`\partial_{\theta} Y`,meters,"Cartesian Y coordinate, derivative wrt poloidal coordinate",``desc.compute._core``
``Y_z``,:math:`\partial_{\zeta} Y`,meters,"Cartesian Y coordinate, derivative wrt toroidal coordinate",``desc.compute._core``
``lambda``,:math:`\lambda`,radians,Poloidal stream function,``desc.compute._core``
``lambda_r``,:math:`\partial_{\rho} \lambda`,radians,"Poloidal stream function, first radial derivative",``desc.compute._core``
``lambda_t``,:math:`\partial_{\theta} \lambda`,radians,"Poloidal stream function, first poloidal derivative",``desc.compute._core``
``lambda_z``,:math:`\partial_{\zeta} \lambda`,radians,"Poloidal stream function, first toroidal derivative",``desc.compute._core``
``lambda_rr``,:math:`\partial_{\rho \rho} \lambda`,radians,"Poloidal stream function, second radial derivative",``desc.compute._core``
``lambda_tt``,:math:`\partial_{\theta \theta} \lambda`,radians,"Poloidal stream function, second poloidal derivative",``desc.compute._core``
``lambda_zz``,:math:`\partial_{\zeta \zeta} \lambda`,radians,"Poloidal stream function, second toroidal derivative",``desc.compute._core``
``lambda_rt``,:math:`\partial_{\rho \theta} \lambda`,radians,"Poloidal stream function, second derivative wrt radius and poloidal angle",``desc.compute._core``
``lambda_rz``,:math:`\partial_{\rho \zeta} \lambda`,radians,"Poloidal stream function, second derivative wrt radius and toroidal angle",``desc.compute._core``
``lambda_tz``,:math:`\partial_{\theta \zeta} \lambda`,radians,"Poloidal stream function, second derivative wrt poloidal and toroidal angles",``desc.compute._core``
``lambda_rrr``,":math:`\partial_{ho \rho \rho} \lambda`",radians,"Poloidal stream function, third radial derivative",``desc.compute._core``
``lambda_ttt``,:math:`\partial_{\theta \theta \theta} \lambda`,radians,"Poloidal stream function, third poloidal derivative",``desc.compute._core``
``lambda_zzz``,:math:`\partial_{\zeta \zeta \zeta} \lambda`,radians,"Poloidal stream function, third toroidal derivative",``desc.compute._core``
``lambda_rrt``,:math:`\partial_{\rho \rho \theta} \lambda`,radians,"Poloidal stream function, third derivative, wrt radius twice and poloidal angle",``desc.compute._core``
``lambda_rtt``,:math:`\partial_{\rho \theta \theta} \lambda`,radians,"Poloidal stream function, third derivative wrt radius and poloidal angle twice",``desc.compute._core``
``lambda_rrz``,:math:`\partial_{\rho \rho \zeta} \lambda`,radians,"Poloidal stream function, third derivative, wrt radius twice and toroidal angle",``desc.compute._core``
``lambda_rzz``,:math:`\partial_{\rho \zeta \zeta} \lambda`,radians,"Poloidal stream function, third derivative wrt radius and toroidal angle twice",``desc.compute._core``
``lambda_ttz``,:math:`\partial_{\theta \theta \zeta} \lambda`,radians,"Poloidal stream function, third derivative wrt poloidal angle twice and toroidal angle",``desc.compute._core``
``lambda_tzz``,:math:`\partial_{\theta \zeta \zeta} \lambda`,radians,"Poloidal stream function, third derivative wrt poloidal angle and toroidal angle twice",``desc.compute._core``
``lambda_rtz``,:math:`\partial_{\rho \theta \zeta} \lambda`,radians,"Poloidal stream function, third derivative wrt radius, poloidal  angle, and toroidal angle",``desc.compute._core``
``J^rho``,:math:`J^{\rho}`,Amperes / cubic meter,Contravariant radial component of plasma current density,``desc.compute._equil``
``J^theta``,:math:`J^{\theta}`,Amperes / cubic meter,Contravariant poloidal component of plasma current density,``desc.compute._equil``
``J^zeta``,:math:`J^{\zeta}`,Amperes / cubic meter,Contravariant toroidal component of plasma current density,``desc.compute._equil``
``J``,:math:`\mathbf{J}`,Amperes / square meter,Plasma current density,``desc.compute._equil``
``J_R``,:math:`J_{R}`,Amperes / square meter,Radial componenet of plasma current density in lab frame,``desc.compute._equil``
``J_phi``,:math:`J_{\phi}`,Amperes / square meter,Toroidal componenet of plasma current density in lab frame,``desc.compute._equil``
``J_Z``,:math:`J_{Z}`,Amperes / square meter,Vertical componenet of plasma current density in lab frame,``desc.compute._equil``
``|J|``,:math:`|\mathbf{J}|`,Amperes / square meter,Magnitue of plasma current density,``desc.compute._equil``
``J_rho``,:math:`J_{\rho}`,Amperes / meter,Covariant radial component of plasma current density,``desc.compute._equil``
``J_theta``,:math:`J_{\theta}`,Amperes / meter,Covariant poloidal component of plasma current density,``desc.compute._equil``
``J_zeta``,:math:`J_{\zeta}`,Amperes / meter,Covariant toroidal component of plasma current density,``desc.compute._equil``
``J*B``,:math:`\mathbf{J} \cdot \mathbf{B}`,Newtons / cubic meter,"Current density parallel to magnetic field, times field strength (note units are not Amperes)",``desc.compute._equil``
``<J*B>``,:math:`\langle \mathbf{J} \cdot \mathbf{B} \rangle`,Newtons / cubic meter,Flux surface average of current density dotted into magnetic field,``desc.compute._equil``
``J_parallel``,:math:`\mathbf{J} \cdot \hat{\mathbf{b}}`,Amperes / square meter,Plasma current density parallel to magnetic field,``desc.compute._equil``
``F_rho``,:math:`F_{\rho}`,Newtons / square meter,Covariant radial component of force balance error,``desc.compute._equil``
``F_theta``,:math:`F_{\theta}`,Newtons / square meter,Covariant poloidal component of force balance error,``desc.compute._equil``
``F_zeta``,:math:`F_{\zeta}`,Newtons / square meter,Covariant toroidal component of force balance error,``desc.compute._equil``
``F_helical``,:math:`F_{helical}`,Newtons / square meter,Covariant helical component of force balance error,``desc.compute._equil``
``F``,:math:`\mathbf{J} \times \mathbf{B} - \nabla p`,Newtons / cubic meter,Force balance error,``desc.compute._equil``
``|F|``,:math:`|\mathbf{J} \times \mathbf{B} - \nabla p|`,Newtons / cubic meter,Magnitude of force balance error,``desc.compute._equil``
``<|F|>_vol``,:math:`\langle |\mathbf{J} \times \mathbf{B} - \nabla p| \rangle_{vol}`,Newtons / cubic meter,Volume average of magnitude of force balance error,``desc.compute._equil``
``e^helical``,:math:`B^{\theta} \nabla \zeta - B^{\zeta} \nabla \theta`,Tesla / square meter,Helical basis vector,``desc.compute._equil``
``|e^helical|``,:math:`|B^{\theta} \nabla \zeta - B^{\zeta} \nabla \theta|`,Tesla / square meter,Magnitude of helical basis vector,``desc.compute._equil``
``W_B``,:math:`W_B`,Joules,Plasma magnetic energy,``desc.compute._equil``
``W_Bpol``,":math:`W_{B,pol}`",Joules,Plasma magnetic energy in poloidal field,``desc.compute._equil``
``W_Btor``,":math:`W_{B,tor}`",Joules,Plasma magnetic energy in toroidal field,``desc.compute._equil``
``W_p``,:math:`W_p`,Joules,Plasma thermodynamic energy,``desc.compute._equil``
``W``,:math:`W`,Joules,Plasma total energy,``desc.compute._equil``
``<beta>_vol``,:math:`\langle \beta \rangle_{vol}`,None,Normalized plasma pressure,``desc.compute._equil``
``<beta_pol>_vol``,:math:`\langle \beta_{pol} \rangle_{vol}`,None,Normalized poloidal plasma pressure,``desc.compute._equil``
``<beta_tor>_vol``,:math:`\langle \beta_{tor} \rangle_{vol}`,None,Normalized toroidal plasma pressure,``desc.compute._equil``
``B0``,:math:`\partial_{\rho} \psi / \sqrt{g}`,Tesla / meter,,``desc.compute._field``
``B^rho``,:math:`B^{\rho}`,Tesla / meter,Contravariant radial component of magnetic field,``desc.compute._field``
``B^theta``,:math:`B^{\theta}`,Tesla / meter,Contravariant poloidal component of magnetic field,``desc.compute._field``
``B^zeta``,:math:`B^{\zeta}`,Tesla / meter,Contravariant toroidal component of magnetic field,``desc.compute._field``
``B``,:math:`B`,Tesla,Magnetic field,``desc.compute._field``
``B_R``,:math:`B_{R}`,Tesla,Radial component of magnetic field in lab frame,``desc.compute._field``
``B_phi``,:math:`B_{\phi}`,Tesla,Toroidal component of magnetic field in lab frame,``desc.compute._field``
``B_Z``,:math:`B_{Z}`,Tesla,Vertical component of magnetic field in lab frame,``desc.compute._field``
``B0_r``,:math:`\partial_{\rho \rho} \psi / \sqrt{g} - \partial_{\rho} \psi \partial_{\rho} \sqrt{g} / g`,Tesla / meter,,``desc.compute._field``
``B^theta_r``,:math:`\partial_{\rho} B^{\theta}`,Tesla / meter,"Contravariant poloidal component of magnetic field, derivative wrt radial coordinate",``desc.compute._field``
``B^zeta_r``,:math:`\partial_{\rho} B^{\zeta}`,Tesla / meter,"Contravariant toroidal component of magnetic field, derivative wrt radial coordinate",``desc.compute._field``
``B_r``,:math:`\partial_{\rho} \mathbf{B}`,Tesla,"Magnetic field, derivative wrt radial coordinate",``desc.compute._field``
``B0_t``,:math:`-\partial_{\rho} \psi \partial_{\theta} \sqrt{g} / g`,Tesla / meter,,``desc.compute._field``
``B^theta_t``,:math:`\partial_{\theta} B^{\theta}`,Tesla / meter,"Contravariant poloidal component of magnetic field, derivative wrt poloidal angle",``desc.compute._field``
``B^zeta_t``,:math:`\partial_{\theta} B^{\zeta}`,Tesla / meter,"Contravariant toroidal component of magnetic field, derivative wrt poloidal angle",``desc.compute._field``
``B_t``,:math:`\partial_{\theta} \mathbf{B}`,Tesla,"Magnetic field, derivative wrt poloidal angle",``desc.compute._field``
``B0_z``,:math:`-\partial_{\rho} \psi \partial_{\zeta} \sqrt{g} / g`,Tesla / meter,,``desc.compute._field``
``B^theta_z``,:math:`\partial_{\zeta} B^{\theta}`,Tesla / meter,"Contravariant poloidal component of magnetic field, derivative wrt toroidal angle",``desc.compute._field``
``B^zeta_z``,:math:`\partial_{\zeta} B^{\zeta}`,Tesla / meter,"Contravariant toroidal component of magnetic field, derivative wrt toroidal angle",``desc.compute._field``
``B_z``,:math:`\partial_{\zeta} \mathbf{B}`,Tesla,"Magnetic field, derivative wrt toroidal angle",``desc.compute._field``
``B0_rr``,:math:`\psi''' / \sqrt{g} - 2 \psi'' \partial_{\rho} \sqrt{g} / g - \psi' \partial_{\rho\rho} \sqrt{g} / g + 2 \psi' (\partial_{\rho} \sqrt{g})^2 / (\sqrt{g})^3`,Tesla / meters,,``desc.compute._field``
``B^theta_rr``,:math:`\partial_{\rho\rho} B^{\theta}`,Tesla / meters,"Contravariant poloidal component of magnetic field, second derivative wrt radial coordinate",``desc.compute._field``
``B^zeta_rr``,:math:`\partial_{\rho\rho} B^{\zeta}`,Tesla / meters,"Contravariant toroidal component of magnetic field, second derivative wrt radial coordinate",``desc.compute._field``
``B_rr``,:math:`\partial_{\rho\rho} \mathbf{B}`,Tesla,"Magnetic field, second derivative wrt radial coordinate",``desc.compute._field``
``B0_tt``,:math:`-\partial_{\rho} \psi \partial_{\theta\theta} \sqrt{g} / g + 2 \partial_{\rho} \psi (\partial_{\theta} \sqrt{g})^2 / (\sqrt{g})^{3}`,Tesla / meter,,``desc.compute._field``
``B^theta_tt``,:math:`\partial_{\theta\theta} B^{\theta}`,Tesla / meter,"Contravariant poloidal component of magnetic field, second derivative wrt poloidal angle",``desc.compute._field``
``B^zeta_tt``,:math:`\partial_{\theta\theta} B^{\zeta}`,Tesla / meter,"Contravariant toroidal component of magnetic field, second derivative wrt poloidal angle",``desc.compute._field``
``B_tt``,:math:`\partial_{\theta\theta} \mathbf{B}`,Tesla,"Magnetic field, second derivative wrt poloidal angle",``desc.compute._field``
``B0_zz``,:math:`-\partial_{\rho} \psi \partial_{\zeta\zeta} \sqrt{g} / g + 2 \partial_{\rho} \psi (\partial_{\zeta} \sqrt{g})^2 / (\sqrt{g})^{3}`,Tesla / meter,,``desc.compute._field``
``B^theta_zz``,:math:`\partial_{\zeta\zeta} B^{\theta}`,Tesla / meter,"Contravariant poloidal component of magnetic field, second derivative wrt toroidal angle",``desc.compute._field``
``B^zeta_zz``,:math:`\partial_{\zeta\zeta} B^{\zeta}`,Tesla / meter,"Contravariant toroidal component of magnetic field, second derivative wrt toroidal angle",``desc.compute._field``
``B_zz``,:math:`\partial_{\zeta\zeta} \mathbf{B}`,Tesla,"Magnetic field, second derivative wrt toroidal angle",``desc.compute._field``
``B0_rt``,:math:`\psi'' \partial_{\theta} \sqrt{g} / g + \psi' \partial_{\rho\theta} \sqrt{g} / g + 2 \psi' \partial_{\rho} \sqrt{g} \partial_{\theta} \sqrt{g} / (\sqrt{g})^3`,Tesla / meters,,``desc.compute._field``
``B^theta_rt``,:math:`\partial_{\rho\theta} B^{\theta}`,Tesla / meters,"Contravariant poloidal component of magnetic field, second derivative wrt radial coordinate and poloidal angle",``desc.compute._field``
``B^zeta_rt``,:math:`\partial_{\rho\theta} B^{\zeta}`,Tesla / meters,"Contravariant toroidal component of magnetic field, second derivative wrt radial coordinate and poloidal angle",``desc.compute._field``
``B_rt``,:math:`\partial_{\rho\theta} \mathbf{B}`,Tesla,"Magnetic field, second derivative wrt radial coordinate and poloidal angle",``desc.compute._field``
``B0_tz``,:math:`-\partial_{\rho} \psi \partial_{\theta\zeta} \sqrt{g} / g + 2 \partial_{\rho} \psi \partial_{\theta} \sqrt{g} \partial_{\zeta} \sqrt{g} / (\sqrt{g})^{3}`,Tesla / meter,,``desc.compute._field``
``B^theta_tz``,:math:`\partial_{\theta\zeta} B^{\theta}`,Tesla / meter,"Contravariant poloidal component of magnetic field, second derivative wrt poloidal and toroidal angles",``desc.compute._field``
``B^zeta_tz``,:math:`\partial_{\theta\zeta} B^{\zeta}`,Tesla / meter,"Contravariant toroidal component of magnetic field, second derivative wrt poloidal and toroidal angles",``desc.compute._field``
``B_tz``,:math:`\partial_{\theta\zeta} \mathbf{B}`,Tesla,"Magnetic field, second derivative wrt poloidal and toroidal angles",``desc.compute._field``
``B0_rz``,:math:`\psi'' \partial_{\zeta} \sqrt{g} / g + \psi' \partial_{\rho\zeta} \sqrt{g} / g + 2 \psi' \partial_{\rho} \sqrt{g} \partial_{\zeta} \sqrt{g} / (\sqrt{g})^3`,Tesla / meters,,``desc.compute._field``
``B^theta_rz``,:math:`\partial_{\rho\zeta} B^{\theta}`,Tesla / meters,"Contravariant poloidal component of magnetic field, second derivative wrt radial coordinate and toroidal angle",``desc.compute._field``
``B^zeta_rz``,:math:`\partial_{\rho\zeta} B^{\zeta}`,Tesla / meters,"Contravariant toroidal component of magnetic field, second derivative wrt radial coordinate and toroidal angle",``desc.compute._field``
``B_rz``,:math:`\partial_{\rho\zeta} \mathbf{B}`,Tesla,"Magnetic field, second derivative wrt radial coordinate and toroidal angle",``desc.compute._field``
``B_rho``,:math:`B_{\rho}`,Tesla * meters,Covariant radial component of magnetic field,``desc.compute._field``
``B_theta``,:math:`B_{\theta}`,Tesla * meters,Covariant poloidal component of magnetic field,``desc.compute._field``
``B_zeta``,:math:`B_{\zeta}`,Tesla * meters,Covariant toroidal component of magnetic field,``desc.compute._field``
``B_rho_r``,:math:`\partial_{\rho} B_{\rho}`,Tesla * meters,"Covariant radial component of magnetic field, derivative wrt radial coordinate",``desc.compute._field``
``B_theta_r``,:math:`\partial_{\rho} B_{\theta}`,Tesla * meters,"Covariant poloidal component of magnetic field, derivative wrt radial coordinate",``desc.compute._field``
``B_zeta_r``,:math:`\partial_{\rho} B_{\zeta}`,Tesla * meters,"Covariant toroidal component of magnetic field, derivative wrt radial coordinate",``desc.compute._field``
``B_rho_t``,:math:`\partial_{\theta} B_{\rho}`,Tesla * meters,"Covariant radial component of magnetic field, derivative wrt poloidal angle",``desc.compute._field``
``B_theta_t``,:math:`\partial_{\theta} B_{\theta}`,Tesla * meters,"Covariant poloidal component of magnetic field, derivative wrt poloidal angle",``desc.compute._field``
``B_zeta_t``,:math:`\partial_{\theta} B_{\zeta}`,Tesla * meters,"Covariant toroidal component of magnetic field, derivative wrt poloidal angle",``desc.compute._field``
``B_rho_z``,:math:`\partial_{\zeta} B_{\rho}`,Tesla * meters,"Covariant radial component of magnetic field, derivative wrt toroidal angle",``desc.compute._field``
``B_theta_z``,:math:`\partial_{\zeta} B_{\theta}`,Tesla * meters,"Covariant poloidal component of magnetic field, derivative wrt toroidal angle",``desc.compute._field``
``B_zeta_z``,:math:`\partial_{\zeta} B_{\zeta}`,Tesla * meters,"Covariant toroidal component of magnetic field, derivative wrt toroidal angle",``desc.compute._field``
``B_rho_rr``,:math:`\partial_{\rho\rho} B_{\rho}`,Tesla * meters,"Covariant radial component of magnetic field, second derivative wrt radial coordinate",``desc.compute._field``
``B_theta_rr``,:math:`\partial_{\rho\rho} B_{\theta}`,Tesla * meters,"Covariant poloidal component of magnetic field, second derivative wrt radial coordinate",``desc.compute._field``
``B_zeta_rr``,:math:`\partial_{\rho\rho} B_{\zeta}`,Tesla * meters,"Covariant toroidal component of magnetic field, second derivative wrt radial coordinate",``desc.compute._field``
``B_rho_tt``,:math:`\partial_{\theta\theta} B_{\rho}`,Tesla * meters,"Covariant radial component of magnetic field, second derivative wrt poloidal angle",``desc.compute._field``
``B_theta_tt``,:math:`\partial_{\theta\theta} B_{\theta}`,Tesla * meters,"Covariant poloidal component of magnetic field, second derivative wrt poloidal angle",``desc.compute._field``
``B_zeta_tt``,:math:`\partial_{\theta\theta} B_{\zeta}`,Tesla * meters,"Covariant toroidal component of magnetic field, second derivative wrt poloidal angle",``desc.compute._field``
``B_rho_zz``,:math:`\partial_{\zeta\zeta} B_{\rho}`,Tesla * meters,"Covariant radial component of magnetic field, second derivative wrt toroidal angle",``desc.compute._field``
``B_theta_zz``,:math:`\partial_{\zeta\zeta} B_{\theta}`,Tesla * meters,"Covariant poloidal component of magnetic field, second derivative wrt toroidal angle",``desc.compute._field``
``B_zeta_zz``,:math:`\partial_{\zeta\zeta} B_{\zeta}`,Tesla * meters,"Covariant toroidal component of magnetic field, second derivative wrt toroidal angle",``desc.compute._field``
``B_rho_rt``,:math:`\partial_{\rho\theta} B_{\rho}`,Tesla * meters,"Covariant radial component of magnetic field, second derivative wrt radial coordinate and poloidal angle",``desc.compute._field``
``B_theta_rt``,:math:`\partial_{\rho\theta} B_{\theta}`,Tesla * meters,"Covariant poloidal component of magnetic field, second derivative wrt radial coordinate and poloidal angle",``desc.compute._field``
``B_zeta_rt``,:math:`\partial_{\rho\theta} B_{\zeta}`,Tesla * meters,"Covariant toroidal component of magnetic field, second derivative wrt radial coordinate and poloidal angle",``desc.compute._field``
``B_rho_tz``,:math:`\partial_{\theta\zeta} B_{\rho}`,Tesla * meters,"Covariant radial component of magnetic field, second derivative wrt poloidal and toroidal angles",``desc.compute._field``
``B_theta_tz``,:math:`\partial_{\theta\zeta} B_{\theta}`,Tesla * meters,"Covariant poloidal component of magnetic field, second derivative wrt poloidal and toroidal angles",``desc.compute._field``
``B_zeta_tz``,:math:`\partial_{\theta\zeta} B_{\zeta}`,Tesla * meters,"Covariant toroidal component of magnetic field, second derivative wrt poloidal and toroidal angles",``desc.compute._field``
``B_rho_rz``,:math:`\partial_{\rho\zeta} B_{\rho}`,Tesla * meters,"Covariant radial component of magnetic field, second derivative wrt radial coordinate and toroidal angle",``desc.compute._field``
``B_theta_rz``,:math:`\partial_{\rho\zeta} B_{\theta}`,Tesla * meters,"Covariant poloidal component of magnetic field, second derivative wrt radial coordinate and toroidal angle",``desc.compute._field``
``B_zeta_rz``,:math:`\partial_{\rho\zeta} B_{\zeta}`,Tesla * meters,"Covariant toroidal component of magnetic field, second derivative wrt radial coordinate and toroidal angle",``desc.compute._field``
``|B|^2``,:math:`|\mathbf{B}|^{2}`,Tesla squared,"Magnitude of magnetic field, squared",``desc.compute._field``
``|B|``,:math:`|\mathbf{B}|`,Tesla,Magnitude of magnetic field,``desc.compute._field``
``|B|_r``,:math:`\partial_{\rho} |\mathbf{B}|`,Tesla,"Magnitude of magnetic field, derivative wrt radial coordinate",``desc.compute._field``
``|B|_t``,:math:`\partial_{\theta} |\mathbf{B}|`,Tesla,"Magnitude of magnetic field, derivative wrt poloidal angle",``desc.compute._field``
``|B|_z``,:math:`\partial_{\zeta} |\mathbf{B}|`,Tesla,"Magnitude of magnetic field, derivative wrt toroidal angle",``desc.compute._field``
``|B|_rr``,:math:`\partial_{\rho\rho} |\mathbf{B}|`,Tesla,"Magnitude of magnetic field, second derivative wrt radial coordinate",``desc.compute._field``
``|B|_tt``,:math:`\partial_{\theta\theta} |\mathbf{B}|`,Tesla,"Magnitude of magnetic field, second derivative wrt poloidal angle",``desc.compute._field``
``|B|_zz``,:math:`\partial_{\zeta\zeta} |\mathbf{B}|`,Tesla,"Magnitude of magnetic field, second derivative wrt toroidal angle",``desc.compute._field``
``|B|_rt``,:math:`\partial_{\rho\theta} |\mathbf{B}|`,Tesla,"Magnitude of magnetic field, derivative wrt radial coordinate and poloidal angle",``desc.compute._field``
``|B|_tz``,:math:`\partial_{\theta\zeta} |\mathbf{B}|`,Tesla,"Magnitude of magnetic field, derivative wrt poloidal and toroidal angles",``desc.compute._field``
``|B|_rz``,:math:`\partial_{\rho\zeta} |\mathbf{B}|`,Tesla,"Magnitude of magnetic field, derivative wrt radial coordinate and toroidal angle",``desc.compute._field``
``grad(|B|)``,:math:`\nabla |\mathbf{B}|`,Tesla / meters,Gradient of magnetic field magnitude,``desc.compute._field``
``<|B|>_vol``,:math:`\langle |B| \rangle_{vol}`,Tesla,Volume average magnetic field,``desc.compute._field``
``<|B|>_rms``,:math:`\langle |B| \rangle_{rms}`,Tesla,"Volume average magnetic field, root mean square",``desc.compute._field``
``<|B|>``,:math:`\langle |B| \rangle`,Tesla,Flux surface average magnetic field,``desc.compute._field``
``<B^2>``,:math:`\langle B^2 \rangle`,Tesla squared,Flux surface average magnetic field squared,``desc.compute._field``
``<1/|B|>``,:math:`\langle 1/B \rangle`,1 / Tesla,Flux surface averaged inverse field strength,``desc.compute._field``
``<B^2>_r``,:math:`\partial_{\rho} \langle B^2 \rangle`,Tesla squared,"Flux surface average magnetic field squared, radial derivative",``desc.compute._field``
``grad(|B|^2)_rho``,:math:`(\nabla B^{2})_{\rho}`,Tesla squared,Covariant radial component of magnetic pressure gradient,``desc.compute._field``
``grad(|B|^2)_theta``,:math:`(\nabla B^{2})_{\theta}`,Tesla squared,Covariant poloidal component of magnetic pressure gradient,``desc.compute._field``
``grad(|B|^2)_zeta``,:math:`(\nabla B^{2})_{\zeta}`,Tesla squared,Covariant toroidal component of magnetic pressure gradient,``desc.compute._field``
``grad(|B|^2)``,:math:`\nabla B^{2}`,Tesla squared / meters,Magnetic pressure gradient,``desc.compute._field``
``|grad(|B|^2)|/2mu0``,:math:`|\nabla B^{2}/(2\mu_0)|`,Newton / cubic meter,Magnitude of magnetic pressure gradient,``desc.compute._field``
``<|grad(|B|^2)|/2mu0>_vol``,:math:`\langle |\nabla B^{2}/(2\mu_0)| \rangle_{vol}`,Newtons per cubic meter,Volume average of magnitude of magnetic pressure gradient,``desc.compute._field``
``(curl(B)xB)_rho``,:math:`((\nabla \times \mathbf{B}) \times \mathbf{B})_{\rho}`,Tesla squared,Covariant radial component of Lorentz force,``desc.compute._field``
``(curl(B)xB)_theta``,:math:`((\nabla \times \mathbf{B}) \times \mathbf{B})_{\theta}`,Tesla squared,Covariant poloidal component of Lorentz force,``desc.compute._field``
``(curl(B)xB)_zeta``,:math:`((\nabla \times \mathbf{B}) \times \mathbf{B})_{\zeta}`,Tesla squared,Covariant toroidal component of Lorentz force,``desc.compute._field``
``curl(B)xB``,:math:`(\nabla \times \mathbf{B}) \times \mathbf{B}`,Tesla squared / meters,Lorentz force,``desc.compute._field``
``(B*grad)B``,:math:`(\mathbf{B} \cdot \nabla) \mathbf{B}`,Tesla squared / meters,Magnetic tension,``desc.compute._field``
``((B*grad)B)_rho``,:math:`((\mathbf{B} \cdot \nabla) \mathbf{B})_{\rho}`,Tesla squared,Covariant radial component of magnetic tension,``desc.compute._field``
``((B*grad)B)_theta``,:math:`((\mathbf{B} \cdot \nabla) \mathbf{B})_{\theta}`,Tesla squared,Covariant poloidal component of magnetic tension,``desc.compute._field``
``((B*grad)B)_zeta``,:math:`((\mathbf{B} \cdot \nabla) \mathbf{B})_{\zeta}`,Tesla squared,Covariant toroidal component of magnetic tension,``desc.compute._field``
``|(B*grad)B|``,:math:`|(\mathbf{B} \cdot \nabla) \mathbf{B}|`,Tesla squared / meters,Magnitude of magnetic tension,``desc.compute._field``
``<|(B*grad)B|>_vol``,:math:`\langle |(\mathbf{B} \cdot \nabla) \mathbf{B}| \rangle_{vol}`,Tesla squared / meters,Volume average magnetic tension magnitude,``desc.compute._field``
``B*grad(|B|)``,:math:`\mathbf{B} \cdot \nabla B`,Tesla squared / meters,,``desc.compute._field``
``(B*grad(|B|))_t``,:math:`\partial_{\theta} (\mathbf{B} \cdot \nabla B)`,Tesla squared / meters,,``desc.compute._field``
``(B*grad(|B|))_z``,:math:`\partial_{\zeta} (\mathbf{B} \cdot \nabla B)`,Tesla squared / meters,,``desc.compute._field``
``max_tz |B|``,:math:`\max_{\theta \zeta} |B|`,Tesla,Maximum field strength on each flux surface,``desc.compute._field``
``min_tz |B|``,:math:`\min_{\theta \zeta} |B|`,Tesla,Minimum field strength on each flux surface,``desc.compute._field``
``effective r/R0``,:math:`(r / R_0)_{effective}`,None,"Effective local inverse aspect ratio, based on max and min \|B|",``desc.compute._field``
``kappa``,:math:`\kappa`,Inverse meters,Curvature vector of magnetic field lines,``desc.compute._field``
``kappa_n``,:math:`\kappa_n`,Inverse meters,Normal curvature vector of magnetic field lines,``desc.compute._field``
``kappa_g``,:math:`\kappa_g`,Inverse meters,Geodesic curvature vector of magnetic field lines,``desc.compute._field``
``grad(B)``,:math:`\nabla \mathbf{B}`,Tesla / meter,Gradient of magnetic field vector,``desc.compute._field``
``|grad(B)|``,:math:`|\nabla \mathbf{B}|`,Tesla / meter,Frobenius norm of gradient of magnetic field vector,``desc.compute._field``
``L_grad(B)``,:math:`L_{\nabla \mathbf{B}} = \frac{\sqrt{2}|B|}{|\nabla \mathbf{B}|}`,meters,Magnetic field length scale based on Frobenius norm of gradient of magnetic field vector,``desc.compute._field``
``V``,:math:`V`,cubic meters,Volume,``desc.compute._geometry``
``V(r)``,:math:`V(\rho)`,cubic meters,Volume enclosed by flux surfaces,``desc.compute._geometry``
``V_r(r)``,:math:`\partial_{\rho} V(\rho)`,cubic meters,"Volume enclosed by flux surfaces, derivative wrt radial coordinate",``desc.compute._geometry``
``V_rr(r)``,:math:`\partial_{\rho\rho} V(\rho)`,cubic meters,"Volume enclosed by flux surfaces, second derivative wrt radial coordinate",``desc.compute._geometry``
``A``,:math:`A`,square meters,Average cross-sectional area,``desc.compute._geometry``
``S(r)``,:math:`S(\rho)`,square meters,Surface area of flux surfaces,``desc.compute._geometry``
``R0``,:math:`R_{0}`,meters,Average major radius,``desc.compute._geometry``
``a``,:math:`a`,meters,Average minor radius,``desc.compute._geometry``
``R0/a``,:math:`R_{0} / a`,None,Aspect ratio,``desc.compute._geometry``
``a_major/a_minor``,:math:`a_{major} / a_{minor}`,None,Maximum elongation,``desc.compute._geometry``
``L_sff``,:math:`L_{sff}`,meters,L coefficient of second fundamental form,``desc.compute._geometry``
``M_sff``,:math:`M_{sff}`,meters,M coefficient of second fundamental form,``desc.compute._geometry``
``N_sff``,:math:`N_{sff}`,meters,N coefficient of second fundamental form,``desc.compute._geometry``
``curvature_k1``,:math:`k_{1}`,Inverse meters,First principle curvature of flux surfaces,``desc.compute._geometry``
``curvature_k2``,:math:`k_{2}`,Inverse meters,Second principle curvature of flux surfaces,``desc.compute._geometry``
``curvature_K``,:math:`K`,meters squared,Gaussian curvature of flux surfaces,``desc.compute._geometry``
``curvature_H``,:math:`H`,meters,Mean curvature of flux surfaces,``desc.compute._geometry``
``sqrt(g)``,:math:`\sqrt{g}`,cubic meters,Jacobian determinant of flux coordinate system,``desc.compute._metric``
``sqrt(g)_PEST``,:math:`\sqrt{g}_{PEST}`,cubic meters,Jacobian determinant of PEST flux coordinate system,``desc.compute._metric``
``|e_theta x e_zeta|``,:math:`|e_{\theta} \times e_{\zeta}|`,square meters,2D Jacobian determinant for constant rho surface,``desc.compute._metric``
``|e_zeta x e_rho|``,:math:`|e_{\zeta} \times e_{\rho}|`,square meters,2D Jacobian determinant for constant theta surface,``desc.compute._metric``
``|e_rho x e_theta|``,:math:`|e_{\rho} \times e_{\theta}|`,square meters,2D Jacobian determinant for constant zeta surface,``desc.compute._metric``
``sqrt(g)_r``,:math:`\partial_{\rho} \sqrt{g}`,cubic meters,"Jacobian determinant of flux coordinate system, derivative wrt radial coordinate",``desc.compute._metric``
``sqrt(g)_t``,:math:`\partial_{\theta} \sqrt{g}`,cubic meters,"Jacobian determinant of flux coordinate system, derivative wrt poloidal angle",``desc.compute._metric``
``sqrt(g)_z``,:math:`\partial_{\zeta} \sqrt{g}`,cubic meters,"Jacobian determinant of flux coordinate system, derivative wrt toroidal angle",``desc.compute._metric``
``sqrt(g)_rr``,:math:`\partial_{\rho\rho} \sqrt{g}`,cubic meters,"Jacobian determinant of flux coordinate system, second derivative wrt radial coordinate",``desc.compute._metric``
``sqrt(g)_tt``,:math:`\partial_{\theta\theta} \sqrt{g}`,cubic meters,"Jacobian determinant of flux coordinate system, second derivative wrt poloidal angle",``desc.compute._metric``
``sqrt(g)_zz``,:math:`\partial_{\zeta\zeta} \sqrt{g}`,cubic meters,"Jacobian determinant of flux coordinate system, second derivative wrt toroidal angle",``desc.compute._metric``
``sqrt(g)_rt``,:math:`\partial_{\rho\theta} \sqrt{g}`,cubic meters,"Jacobian determinant of flux coordinate system, second derivative wrt radial coordinate and poloidal angle",``desc.compute._metric``
``sqrt(g)_tz``,:math:`\partial_{\theta\zeta} \sqrt{g}`,cubic meters,"Jacobian determinant of flux coordinate system, second derivative wrt poloidal and toroidal angles",``desc.compute._metric``
``sqrt(g)_rz``,:math:`\partial_{\rho\zeta} \sqrt{g}`,cubic meters,"Jacobian determinant of flux coordinate system, second derivative wrt radial coordinate and toroidal angle",``desc.compute._metric``
``g_rr``,:math:`g_{\rho\rho}`,square meters,Radial/Radial element of covariant metric tensor,``desc.compute._metric``
``g_tt``,:math:`g_{\theta\theta}`,square meters,Poloidal/Poloidal element of covariant metric tensor,``desc.compute._metric``
``g_zz``,:math:`g_{\zeta\zeta}`,square meters,Toroidal/Toroidal element of covariant metric tensor,``desc.compute._metric``
``g_rt``,:math:`g_{\rho\theta}`,square meters,Radial/Poloidal element of covariant metric tensor,``desc.compute._metric``
``g_rz``,:math:`g_{\rho\zeta}`,square meters,Radial/Toroidal element of covariant metric tensor,``desc.compute._metric``
``g_tz``,:math:`g_{\theta\zeta}`,square meters,Poloidal/Toroidal element of covariant metric tensor,``desc.compute._metric``
``g_tt_r``,:math:`\partial_{\rho} g_{\theta\theta}`,square meters,"Poloidal/Poloidal element of covariant metric tensor, derivative wrt rho",``desc.compute._metric``
``g_tz_r``,:math:`\partial_{\rho} g_{\theta\zeta}`,square meters,"Poloidal/Toroidal element of covariant metric tensor, derivative wrt rho",``desc.compute._metric``
``g_tt_rr``,:math:`\partial_{\rho\rho} g_{\theta\theta}`,square meters,"Poloidal/Poloidal element of covariant metric tensor, second derivative wrt rho",``desc.compute._metric``
``g_tz_rr``,:math:`\partial_{\rho\rho} g_{\theta\zeta}`,square meters,"Poloidal/Toroidal element of covariant metric tensor, second derivative wrt rho",``desc.compute._metric``
``g^rr``,:math:`g^{\rho\rho}`,inverse square meters,Radial/Radial element of contravariant metric tensor,``desc.compute._metric``
``g^tt``,:math:`g^{\theta\theta}`,inverse square meters,Poloidal/Poloidal element of contravariant metric tensor,``desc.compute._metric``
``g^zz``,:math:`g^{\zeta\zeta}`,inverse square meters,Toroidal/Toroidal element of contravariant metric tensor,``desc.compute._metric``
``g^rt``,:math:`g^{\rho\theta}`,inverse square meters,Radial/Poloidal element of contravariant metric tensor,``desc.compute._metric``
``g^rz``,:math:`g^{\rho\zeta}`,inverse square meters,Radial/Toroidal element of contravariant metric tensor,``desc.compute._metric``
``g^tz``,:math:`g^{\theta\zeta}`,inverse square meters,Poloidal/Toroidal element of contravariant metric tensor,``desc.compute._metric``
``g^rr_r``,:math:`g^{\rho}{\rho}_{\rho}`,inverse square meters,"Radial/Radial element of contravariant metric tensor, first radial derivative",``desc.compute._metric``
``g^rt_r``,:math:`g^{\rho}{\theta}_{\rho}`,inverse square meters,"Radial/Poloidal element of contravariant metric tensor, first radial derivative",``desc.compute._metric``
``g^rz_r``,:math:`g^{\rho}{\zeta}_{\rho}`,inverse square meters,"Radial/Toroidal element of contravariant metric tensor, first radial derivative",``desc.compute._metric``
``g^tt_r``,:math:`g^{\theta}{\theta}_{\rho}`,inverse square meters,"Poloidal/Poloidal element of contravariant metric tensor, first radial derivative",``desc.compute._metric``
``g^tz_r``,:math:`g^{\theta}{\zeta}_{\rho}`,inverse square meters,"Poloidal/Toroidal element of contravariant metric tensor, first radial derivative",``desc.compute._metric``
``g^zz_r``,:math:`g^{\zeta}{\zeta}_{\rho}`,inverse square meters,"Toroidal/Toroidal element of contravariant metric tensor, first radial derivative",``desc.compute._metric``
``g^rr_t``,:math:`g^{\rho}{\rho}_{\theta}`,inverse square meters,"Radial/Radial element of contravariant metric tensor, first poloidal derivative",``desc.compute._metric``
``g^rt_t``,:math:`g^{\rho}{\theta}_{\theta}`,inverse square meters,"Radial/Poloidal element of contravariant metric tensor, first poloidal derivative",``desc.compute._metric``
``g^rz_t``,:math:`g^{\rho}{\zeta}_{\theta}`,inverse square meters,"Radial/Toroidal element of contravariant metric tensor, first poloidal derivative",``desc.compute._metric``
``g^tt_t``,:math:`g^{\theta}{\theta}_{\theta}`,inverse square meters,"Poloidal/Poloidal element of contravariant metric tensor, first poloidal derivative",``desc.compute._metric``
``g^tz_t``,:math:`g^{\theta}{\zeta}_{\theta}`,inverse square meters,"Poloidal/Toroidal element of contravariant metric tensor, first poloidal derivative",``desc.compute._metric``
``g^zz_t``,:math:`g^{\zeta}{\zeta}_{\theta}`,inverse square meters,"Toroidal/Toroidal element of contravariant metric tensor, first poloidal derivative",``desc.compute._metric``
``g^rr_z``,:math:`g^{\rho}{\rho}_{\zeta}`,inverse square meters,"Radial/Radial element of contravariant metric tensor, first toroidal derivative",``desc.compute._metric``
``g^rt_z``,:math:`g^{\rho}{\theta}_{\zeta}`,inverse square meters,"Radial/Poloidal element of contravariant metric tensor, first toroidal derivative",``desc.compute._metric``
``g^rz_z``,:math:`g^{\rho}{\zeta}_{\zeta}`,inverse square meters,"Radial/Toroidal element of contravariant metric tensor, first toroidal derivative",``desc.compute._metric``
``g^tt_z``,:math:`g^{\theta}{\theta}_{\zeta}`,inverse square meters,"Poloidal/Poloidal element of contravariant metric tensor, first toroidal derivative",``desc.compute._metric``
``g^tz_z``,:math:`g^{\theta}{\zeta}_{\zeta}`,inverse square meters,"Poloidal/Toroidal element of contravariant metric tensor, first toroidal derivative",``desc.compute._metric``
``g^zz_z``,:math:`g^{\zeta}{\zeta}_{\zeta}`,inverse square meters,"Toroidal/Toroidal element of contravariant metric tensor, first toroidal derivative",``desc.compute._metric``
``|grad(rho)|``,:math:`|\nabla \rho|`,inverse meters,Magnitude of contravariant radial basis vector,``desc.compute._metric``
``|grad(theta)|``,:math:`|\nabla \theta|`,inverse meters,Magnitude of contravariant poloidal basis vector,``desc.compute._metric``
``|grad(zeta)|``,:math:`|\nabla \zeta|`,inverse meters,Magnitude of contravariant toroidal basis vector,``desc.compute._metric``
``psi``,:math:`\psi = \Psi / (2 \pi)`,Webers,Toroidal flux (normalized by 2pi),``desc.compute._profiles``
``psi_r``,:math:`\partial_{\rho} \psi = \partial_{\rho} \Psi / (2 \pi)`,Webers,"Toroidal flux (normalized by 2pi), first radial derivative",``desc.compute._profiles``
``psi_rr``,:math:`\partial_{\rho\rho} \psi = \partial_{\rho\rho} \Psi / (2 \pi)`,Webers,"Toroidal flux (normalized by 2pi), second radial derivative",``desc.compute._profiles``
``psi_rrr``,:math:`\partial_{\rho\rho\rho} \psi = \partial_{\rho\rho\rho} \Psi / (2 \pi)`,Webers,"Toroidal flux (normalized by 2pi), third radial derivative",``desc.compute._profiles``
``grad(psi)``,:math:`\nabla\psi`,Webers per meter,Toroidal flux gradient (normalized by 2pi),``desc.compute._profiles``
``|grad(psi)|^2``,:math:`|\nabla\psi|^{2}`,Webers squared per square meter,Toroidal flux gradient (normalized by 2pi) magnitude squared,``desc.compute._profiles``
``|grad(psi)|``,:math:`|\nabla\psi|`,Webers per meter,Toroidal flux gradient (normalized by 2pi) magnitude,``desc.compute._profiles``
``chi_r``,:math:`\partial_{\rho} \chi`,Webers,"Poloidal flux (normalized by 2pi), first radial derivative",``desc.compute._profiles``
``chi``,:math:`\chi`,Webers,Poloidal flux (normalized by 2pi),``desc.compute._profiles``
``Te``,:math:`T_e`,electron-Volts,Electron temperature,``desc.compute._profiles``
``Te_r``,:math:`\partial_{\rho} T_e`,electron-Volts,"Electron temperature, first radial derivative",``desc.compute._profiles``
``ne``,:math:`n_e`,1 / cubic meters,Electron density,``desc.compute._profiles``
``ne_r``,:math:`\partial_{\rho} n_e`,1 / cubic meters,"Electron density, first radial derivative",``desc.compute._profiles``
``Ti``,:math:`T_i`,electron-Volts,Ion temperature,``desc.compute._profiles``
``Ti_r``,:math:`\partial_{\rho} T_i`,electron-Volts,"Ion temperature, first radial derivative",``desc.compute._profiles``
``Zeff``,:math:`Z_{eff}`,None,Effective atomic number,``desc.compute._profiles``
``Zeff_r``,:math:`\partial_{\rho} Z_{eff}`,None,"Effective atomic number, first radial derivative",``desc.compute._profiles``
``p``,:math:`p`,Pascals,Pressure,``desc.compute._profiles``
``p_r``,:math:`\partial_{\rho} p`,Pascals,"Pressure, first radial derivative",``desc.compute._profiles``
``grad(p)``,:math:`\nabla p`,Newtons / cubic meter,Pressure gradient,``desc.compute._profiles``
``|grad(p)|^2``,:math:`|\nabla p|^{2}`,Newtons per cubic meter squared,Magnitude of pressure gradient squared,``desc.compute._profiles``
``|grad(p)|``,:math:`|\nabla p|`,Newtons per cubic meter,Magnitude of pressure gradient,``desc.compute._profiles``
``<|grad(p)|>_vol``,:math:`\langle |\nabla p| \rangle_{vol}`,Newtons per cubic meter,Volume average of magnitude of pressure gradient,``desc.compute._profiles``
``iota``,:math:`\iota`,None,Rotational transform (normalized by 2pi),``desc.compute._profiles``
``iota_r``,:math:`\partial_{\rho} \iota`,None,"Rotational transform (normalized by 2pi), first radial derivative",``desc.compute._profiles``
``iota_rr``,:math:`\partial_{\rho\rho} \iota`,None,"Rotational transform (normalized by 2pi), second radial derivative",``desc.compute._profiles``
``iota_zero_current_num``,:math:`\iota_{0} numerator`,inverse meters,Zero toroidal current rotational transform numerator,``desc.compute._profiles``
``iota_zero_current_num_r``,:math:`\partial_{\rho} \iota_{0} numerator`,inverse meters,"Zero toroidal current rotational transform numerator, first radial derivative",``desc.compute._profiles``
``iota_zero_current_num_rr``,:math:`\partial_{\rho\rho} \iota_{0} numerator`,inverse meters,"Zero toroidal current rotational transform numerator, second radial derivative",``desc.compute._profiles``
``iota_zero_current_den``,:math:`\iota_{0} denominator`,inverse meters,Zero toroidal current rotational transform denominator,``desc.compute._profiles``
``iota_zero_current_den_r``,:math:`\partial_{\rho} \iota_{0} denominator`,inverse meters,"Zero toroidal current rotational transform denominator, first radial derivative",``desc.compute._profiles``
``iota_zero_current_den_rr``,:math:`\partial_{\rho\rho} \iota_{0} denominator`,inverse meters,"Zero toroidal current rotational transform denominator, second radial derivative",``desc.compute._profiles``
``q``,:math:`q = 1/\iota`,None,"Safety factor 'q', inverse of rotational transform.",``desc.compute._profiles``
``I``,:math:`I`,Tesla * meters,Covariant poloidal component of magnetic field in Boozer coordinates (proportional to toroidal current),``desc.compute._profiles``
``I_r``,:math:`\partial_{\rho} I`,Tesla * meters,"Covariant poloidal component of magnetic field in Boozer coordinates (proportional to toroidal current), derivative wrt radial coordinate",``desc.compute._profiles``
``I_rr``,:math:`\partial_{\rho\rho} I`,Tesla * meters,"Boozer toroidal current enclosed by flux surfaces, second derivative wrt radial coordinate",``desc.compute._profiles``
``G``,:math:`G`,Tesla * meters,Covariant toroidal component of magnetic field in Boozer coordinates (proportional to poloidal current),``desc.compute._profiles``
``G_r``,:math:`\partial_{\rho} G`,Tesla * meters,"Covariant toroidal component of magnetic field in Boozer coordinates (proportional to poloidal current), derivative wrt radial coordinate",``desc.compute._profiles``
``G_rr``,:math:`\partial_{\rho\rho} G`,Tesla * meters,"Boozer poloidal current enclosed by flux surfaces, second derivative wrt radial coordinate",``desc.compute._profiles``
``current``,:math:`\frac{2\pi}{\mu_0} I`,Amperes,Net toroidal current enclosed by flux surfaces,``desc.compute._profiles``
``current_r``,:math:`\frac{2\pi}{\mu_0} \partial_{\rho} I`,Amperes,"Net toroidal current enclosed by flux surfaces, derivative wrt radial coordinate",``desc.compute._profiles``
``current_rr``,:math:`\frac{2\pi}{\mu_0} \partial_{\rho\rho} I`,Amperes,"Net toroidal current enclosed by flux surfaces, second derivative wrt radial coordinate",``desc.compute._profiles``
``B_theta_mn``,":math:`B_{\theta, m, n}`",Tesla * meters,Fourier coefficients for covariant poloidal component of magnetic field,``desc.compute._qs``
``B_zeta_mn``,":math:`B_{\zeta, m, n}`",Tesla * meters,Fourier coefficients for covariant toroidal component of magnetic field,``desc.compute._qs``
``w_Boozer_mn``,":math:`w_{Boozer,m,n}`",Tesla * meters,RHS of eq 10 in Hirshman 1995 'Transformation from VMEC to Boozer Coordinates',``desc.compute._qs``
``w_Boozer``,:math:`w_{Boozer}`,Tesla * meters,Inverse Fourier transform of RHS of eq 10 in Hirshman 1995 'Transformation from VMEC to Boozer Coordinates',``desc.compute._qs``
``w_Boozer_t``,:math:`\partial_{\theta} w_{Boozer}`,Tesla * meters,"Inverse Fourier transform of RHS of eq 10 in Hirshman 1995 'Transformation from VMEC to Boozer Coordinates', poloidal derivative",``desc.compute._qs``
``w_Boozer_z``,:math:`\partial_{\zeta} w_{Boozer}`,Tesla * meters,"Inverse Fourier transform of RHS of eq 10 in Hirshman 1995 'Transformation from VMEC to Boozer Coordinates', toroidal derivative",``desc.compute._qs``
``nu``,:math:`\nu = \zeta_{B} - \zeta`,radians,Boozer toroidal stream function,``desc.compute._qs``
``nu_t``,:math:`\partial_{\theta} \nu`,radians,"Boozer toroidal stream function, derivative wrt poloidal angle",``desc.compute._qs``
``nu_z``,:math:`\partial_{\zeta} \nu`,radians,"Boozer toroidal stream function, derivative wrt toroidal angle",``desc.compute._qs``
``theta_B``,:math:`\theta_{B}`,radians,Boozer poloidal angular coordinate,``desc.compute._qs``
``zeta_B``,:math:`\zeta_{B}`,radians,Boozer toroidal angular coordinate,``desc.compute._qs``
``sqrt(g)_B``,:math:`\sqrt{g}_{B}`,None,Jacobian determinant of Boozer coordinates,``desc.compute._qs``
``|B|_mn``,:math:`B_{mn}^{Boozer}`,Tesla,Boozer harmonics of magnetic field,``desc.compute._qs``
``B modes``,:math:`Boozer modes`,None,Boozer harmonics,``desc.compute._qs``
``f_C``,:math:`(M \iota - N) (\mathbf{B} \times \nabla \psi) \cdot \nabla B - (M G + N I) \mathbf{B} \cdot \nabla B`,Tesla cubed,Two-term quasisymmetry metric,``desc.compute._qs``
``f_T``,:math:`\nabla \psi \times \nabla B \cdot \nabla (\mathbf{B} \cdot \nabla B)`,Tesla quarted / square meters,Triple product quasisymmetry metric,``desc.compute._qs``
``isodynamicity``,:math:`1/B^2 (\mathbf{b} \times \nabla B) \cdot \nabla \psi`,None,"Measure of cross field drift at each point, unweighted by particle energy",``desc.compute._qs``
``D_shear``,:math:`D_{shear}`,Inverse Webers squared,Mercier stability criterion magnetic shear term,``desc.compute._stability``
``D_current``,:math:`D_{current}`,Inverse Webers squared,Mercier stability criterion toroidal current term,``desc.compute._stability``
``D_well``,:math:`D_{well}`,Inverse Webers squared,Mercier stability criterion magnetic well term,``desc.compute._stability``
``D_geodesic``,:math:`D_{geodesic}`,Inverse Webers squared,Mercier stability criterion geodesic curvature term,``desc.compute._stability``
``D_Mercier``,:math:`D_{Mercier}`,Inverse Webers squared,Mercier stability criterion (positive/negative value denotes stability/instability),``desc.compute._stability``
``magnetic well``,:math:`Magnetic Well`,None,Magnetic well proxy for MHD stability (positive/negative value denotes stability/instability),``desc.compute._stability``
